{"cameraMode":{"drawMode":0,"name":"Shaded","section":"Shading Mode"},"sceneLighting":true,"audioPlay":false,"sceneViewState":{"showFog":true,"showMaterialUpdate":false,"showSkybox":true,"showFlares":true,"showImageEffects":true,"showParticleSystems":true},"in2DMode":false,"pivot":{"x":-8.794912338256836,"y":1.074310541152954,"z":5.463565826416016},"rotation":{"x":0.06004733219742775,"y":-0.6853861808776856,"z":0.056886278092861179,"w":0.7234694957733154},"size":9.879112243652344,"orthographic":false}