{"cameraMode":{"drawMode":0,"name":"Shaded","section":"Shading Mode"},"sceneLighting":false,"audioPlay":false,"sceneViewState":{"showFog":true,"showMaterialUpdate":false,"showSkybox":false,"showFlares":true,"showImageEffects":true,"showParticleSystems":true},"in2DMode":false,"pivot":{"x":0.21838010847568513,"y":2.9656388759613039,"z":7.856156349182129},"rotation":{"x":-0.0015207696706056595,"y":0.9980891346931458,"z":-0.05576065555214882,"w":-0.02728557400405407},"size":0.8660253882408142,"orthographic":false}