{"cameraMode":{"drawMode":0,"name":"Shaded","section":"Shading Mode"},"sceneLighting":true,"audioPlay":false,"sceneViewState":{"showFog":true,"showMaterialUpdate":false,"showSkybox":true,"showFlares":true,"showImageEffects":true,"showParticleSystems":true},"in2DMode":false,"pivot":{"x":4.258670330047607,"y":1.6573542356491089,"z":3.0583646297454836},"rotation":{"x":0.027441568672657014,"y":-0.6872518658638,"z":0.025996573269367219,"w":0.72543865442276},"size":3.5660247802734377,"orthographic":false}