{"cameraMode":{"drawMode":0,"name":"Shaded","section":"Shading Mode"},"sceneLighting":true,"audioPlay":false,"sceneViewState":{"showFog":true,"showMaterialUpdate":false,"showSkybox":true,"showFlares":true,"showImageEffects":true,"showParticleSystems":true},"in2DMode":false,"pivot":{"x":4.8286614418029789,"y":-0.5971642732620239,"z":-7.9166765213012699},"rotation":{"x":0.04085712134838104,"y":0.9384106397628784,"z":-0.11916502565145493,"w":0.32174408435821535},"size":10.0,"orthographic":false}