{"cameraMode":{"drawMode":0,"name":"Shaded","section":"Shading Mode"},"sceneLighting":true,"audioPlay":false,"sceneViewState":{"showFog":true,"showMaterialUpdate":false,"showSkybox":true,"showFlares":true,"showImageEffects":true,"showParticleSystems":true},"in2DMode":false,"pivot":{"x":24.675281524658204,"y":-0.6239461898803711,"z":-4.902915954589844},"rotation":{"x":0.0500011146068573,"y":0.7644614577293396,"z":-0.05741359293460846,"w":0.6401640772819519},"size":10.0,"orthographic":false}