{"cameraMode":{"drawMode":0,"name":"Shaded","section":"Shading Mode"},"sceneLighting":true,"audioPlay":false,"sceneViewState":{"showFog":true,"showMaterialUpdate":false,"showSkybox":true,"showFlares":true,"showImageEffects":true,"showParticleSystems":true},"in2DMode":false,"pivot":{"x":61.638248443603519,"y":-29.696529388427736,"z":5.6726837158203129},"rotation":{"x":0.06238536909222603,"y":-0.5421821475028992,"z":0.040410708636045459,"w":0.8369758129119873},"size":35.44361877441406,"orthographic":false}