{"cameraMode":{"drawMode":0,"name":"Shaded","section":"Shading Mode"},"sceneLighting":true,"audioPlay":false,"sceneViewState":{"showFog":true,"showMaterialUpdate":false,"showSkybox":true,"showFlares":true,"showImageEffects":true,"showParticleSystems":true},"in2DMode":false,"pivot":{"x":97.82758331298828,"y":-27.47856903076172,"z":-23.536691665649415},"rotation":{"x":-0.08757362514734268,"y":0.7171654105186462,"z":-0.09382595121860504,"w":-0.6849693059921265},"size":10.0,"orthographic":false}